blog,http://www.theyoungfirm.com/blog/dangerous-asbestos-used-on-oil-rigs-and-in-drilling-mud/
blog,http://www.theyoungfirm.com/blog/did-you-know-that-the-jones-act-and-maritime-law-provides-significant-protections-to-seamen-who-were-previously-exposed-to-asbestos-while-working-offshore/
blog,http://www.theyoungfirm.com/blog/did-you-know-youre-entitled-to-time-off/
blog,http://www.theyoungfirm.com/blog/free-asbestos-lung-screening-exam/
blog,http://www.theyoungfirm.com/blog/learn-how-we-can-help-if-you-need-an-alabama-maritime-or-jones-act-lawyer/
blog,http://www.theyoungfirm.com/blog/maritime-claims-get-settled-by-fear/
blog,http://www.theyoungfirm.com/blog/maritime-publications-now-available/
blog,http://www.theyoungfirm.com/blog/medical-treatment-while-working-offshore/
blog,http://www.theyoungfirm.com/blog/need-a-florida-jones-act-lawyer-our-office-may-be-your-best-bet-learn-why-here/
blog,http://www.theyoungfirm.com/blog/need-a-mississippi-maritime-jones-act-injury-lawyer/
blog,http://www.theyoungfirm.com/blog/offshore-worker-black-list/
blog,http://www.theyoungfirm.com/blog/our-most-rewarding-cases/
blog,http://www.theyoungfirm.com/blog/research-maritime-attorneys-online/
blog,http://www.theyoungfirm.com/blog/the-jones-act-and-safety-are-you-at-risk/
blog,http://www.theyoungfirm.com/blog/the-most-frequantly-asked-questions-by-injured-maritime-workers/
blog,http://www.theyoungfirm.com/blog/the-most-important-aspect-of-a-vehicle-accident-case/
blog,http://www.theyoungfirm.com/blog/visit-our-new-louisiana-automobile-accident-injury-web-site/
blog,http://www.theyoungfirm.com/blog/what-type-of-equipment-causes-work-related-hearing-loss-offshore-or-on-a-vessel/
blog,http://www.theyoungfirm.com/blog/what-you-should-know-maritime-companies’-five-most-common-legal-tactics/
blog,http://www.theyoungfirm.com/blog/when-do-you-have-to-file-a-maritime-jones-act-hearing-loss-claim/
blog,http://www.theyoungfirm.com/blog/when-to-file-suit-after-an-18-wheeler-accident-–-its-sooner-than-you-think/
blog,http://www.theyoungfirm.com/blog/why-a-pre-employment-physical-can-help-your-case/
blog,http://www.theyoungfirm.com/blog/why-accidents-and-injuries-can-happen-on-an-offshore-oil-rig-floor/
blog,http://www.theyoungfirm.com/blog/why-should-i-work-offshore/
blog,http://www.theyoungfirm.com/blog/why-you-should-never-try-to-settle-your-own-maritime-jones-act-claim-without-an-attorney/
blog,http://www.theyoungfirm.com/blog/why-your-insurance-adjuster-may-not-be-your-friend/
blog,http://www.theyoungfirm.com/blog/work-related-hearing-loss-offshore-and-on-vessels/
page,http://www.theyoungfirm.com/html/6secrets.html
page,http://www.theyoungfirm.com/html/birth-injury.html
page,http://www.theyoungfirm.com/html/brain-injury.html
page,http://www.theyoungfirm.com/html/burn-injury.html
page,http://www.theyoungfirm.com/html/employeesguide.html
page,http://www.theyoungfirm.com/html/injury-faq.html
page,http://www.theyoungfirm.com/html/maintenanceandcure.html
page,http://www.theyoungfirm.com/html/medical-malpractice.html
page,http://www.theyoungfirm.com/html/medicalsecrets.html
page,http://www.theyoungfirm.com/html/medmal-faq.html
page,http://www.theyoungfirm.com/html/misdiagnosis.html
page,http://www.theyoungfirm.com/html/premises-liability.html
page,http://www.theyoungfirm.com/html/product-liability.html
page,http://www.theyoungfirm.com/html/spinal-cord.html
page,http://www.theyoungfirm.com/html/staff.html
page,http://www.theyoungfirm.com/html/stcw.html
page,http://www.theyoungfirm.com/html/surgical-error.html
page,http://www.theyoungfirm.com/html/workers-comp.html
page,http://www.theyoungfirm.com/html/workplace.html
page,http://www.theyoungfirm.com/html/wrongful-death.html